timestamp,pares,operadorId,cuboId,fase,detalle
"2026-09-12T00:10:54.855Z","5","(sin asignar)","2","estado_inicial","Operador apagó manualmente la señal del cubo #2 (estado inicial)"
"2026-09-12T00:10:55.908Z","5","(sin asignar)","2","estado_inicial","Operador apagó manualmente la señal del cubo #2 (estado inicial)"
"2026-09-12T00:10:58.627Z","5","(sin asignar)","2","estado_inicial","Operador apagó manualmente la señal del cubo #2 (estado inicial)"
"2026-09-12T00:11:00.226Z","5","(sin asignar)","2","estado_inicial","Operador apagó manualmente la señal del cubo #2 (estado inicial)"
"2026-09-12T00:11:00.923Z","5","(sin asignar)","2","actuar","Operador envió ACTUAR al cubo #2"
"2026-09-12T00:11:01.841Z","5","(sin asignar)","2","estado_inicial","Operador apagó manualmente la señal del cubo #2 (estado inicial)"
"2026-09-12T00:11:02.628Z","5","(sin asignar)","2","estado_inicial","Operador apagó manualmente la señal del cubo #2 (estado inicial)"
"2026-09-12T00:11:03.754Z","5","(sin asignar)","2","estado_inicial","Operador apagó manualmente la señal del cubo #2 (estado inicial)"
"2026-09-12T00:11:03.900Z","5","(sin asignar)","2","estado_inicial","Operador apagó manualmente la señal del cubo #2 (estado inicial)"
"2026-09-12T00:11:04.034Z","5","(sin asignar)","2","estado_inicial","Operador apagó manualmente la señal del cubo #2 (estado inicial)"
"2026-09-12T00:11:07.043Z","5","(sin asignar)","2","estado_inicial","Operador apagó manualmente la señal del cubo #2 (estado inicial)"
"2026-09-12T00:11:46.083Z","5","(sin asignar)","8","pensar","Operador envió PENSAR al cubo #8"
"2026-09-12T00:11:51.571Z","5","(sin asignar)","6","actuar","Operador envió ACTUAR al cubo #6"
"2026-09-12T00:12:28.517Z","5","(sin asignar)","4","actuar","Operador envió ACTUAR al cubo #4"
"2026-09-12T00:12:30.762Z","5","(sin asignar)","4","pensar","Operador envió PENSAR al cubo #4"
"2026-09-12T00:12:33.329Z","5","(sin asignar)","3","pausar","Operador envió PAUSAR al cubo #3"
"2026-09-12T00:13:00.428Z","5","(sin asignar)","4","estado_inicial","Operador apagó manualmente la señal del cubo #4 (estado inicial)"
"2026-09-12T00:13:32.172Z","5","(sin asignar)","8","estado_inicial","Operador apagó manualmente la señal del cubo #8 (estado inicial)"
"2026-09-12T00:13:32.883Z","5","(sin asignar)","8","estado_inicial","Operador apagó manualmente la señal del cubo #8 (estado inicial)"
"2026-09-12T00:13:33.027Z","5","(sin asignar)","8","estado_inicial","Operador apagó manualmente la señal del cubo #8 (estado inicial)"
"2026-09-12T00:13:33.166Z","5","(sin asignar)","8","estado_inicial","Operador apagó manualmente la señal del cubo #8 (estado inicial)"
"2026-09-12T00:13:33.404Z","5","(sin asignar)","8","estado_inicial","Operador apagó manualmente la señal del cubo #8 (estado inicial)"
"2026-09-12T00:13:33.546Z","5","(sin asignar)","8","estado_inicial","Operador apagó manualmente la señal del cubo #8 (estado inicial)"
"2026-09-12T00:13:33.680Z","5","(sin asignar)","8","estado_inicial","Operador apagó manualmente la señal del cubo #8 (estado inicial)"
"2026-09-12T00:13:33.802Z","5","(sin asignar)","8","estado_inicial","Operador apagó manualmente la señal del cubo #8 (estado inicial)"
"2026-09-12T00:13:33.904Z","5","(sin asignar)","8","estado_inicial","Operador apagó manualmente la señal del cubo #8 (estado inicial)"
"2026-09-12T00:13:35.949Z","5","(sin asignar)","8","actuar","Operador envió ACTUAR al cubo #8"
"2026-09-12T00:13:37.363Z","5","(sin asignar)","8","estado_inicial","Operador apagó manualmente la señal del cubo #8 (estado inicial)"
"2026-09-12T00:15:59.234Z","5","(sin asignar)","4","pensar","Operador envió PENSAR al cubo #4"
"2026-09-12T00:16:28.462Z","5","nestor","2","actuar","Operador envió ACTUAR al cubo #2"
"2026-09-12T00:27:15.867Z","5","nestor","6","actuar","Operador envió ACTUAR al cubo #6"
"2026-09-12T00:30:03.444Z","5","Nestor","6","actuar","Operador envió ACTUAR al cubo #6"
"2026-09-12T00:30:41.117Z","5","Nestor","4","actuar","Operador envió ACTUAR al cubo #4"
"2026-09-12T00:30:53.104Z","5","Nestor","4","actuar","Operador envió ACTUAR al cubo #4"
"2026-09-12T00:30:54.642Z","5","Nestor","4","pensar","Operador envió PENSAR al cubo #4"
"2026-09-12T00:30:59.136Z","5","Nestor","4","estado_inicial","Operador apagó manualmente la señal del cubo #4 (estado inicial)"
"2026-09-12T00:31:00.202Z","5","Nestor","4","actuar","Operador envió ACTUAR al cubo #4"
"2026-09-12T00:31:01.504Z","5","Nestor","4","actuar","Operador envió ACTUAR al cubo #4"
"2026-09-12T00:31:05.188Z","5","Nestor","4","estado_inicial","Operador apagó manualmente la señal del cubo #4 (estado inicial)"
"2026-09-12T00:31:06.371Z","5","Nestor","4","estado_inicial","Operador apagó manualmente la señal del cubo #4 (estado inicial)"