timestamp,esSimulacion,operadorId,versionConfiguracion,pares,tipo,detalle,fase,motivo,decision,motivoDescarte,activacionEfectiva,posiciones
"2026-09-12T00:16:40.013Z","true","(sin asignar)","sim-config-v0.1","1","reinicio","Sesión de tutorial iniciada: 1 par(es) de cubos",,,,,,"[1,null,2]"
"2026-09-12T00:16:51.519Z","true","(sin asignar)","sim-config-v0.1","1","movimiento","Cubo #1 movido de la posición 1 a la 2",,,,,,"[null,1,2]"
"2026-09-12T00:16:52.461Z","true","(sin asignar)","sim-config-v0.1","1","movimiento","Cubo #2 movido de la posición 3 a la 1",,,,,,"[2,1,null]"
"2026-09-12T00:16:53.291Z","true","(sin asignar)","sim-config-v0.1","1","movimiento","Cubo #1 movido de la posición 2 a la 3",,,,,,"[2,null,1]"
"2026-09-12T00:16:53.291Z","true","(sin asignar)","sim-config-v0.1","1","victoria","Intercambio completo en 3 movimientos",,,,,,"[2,null,1]"
"2026-09-12T00:16:56.205Z","true","(sin asignar)","sim-config-v0.1","1","reinicio","Nuevo ejercicio: 1 par(es) de cubos",,,,,,"[1,null,2]"
"2026-09-12T00:16:57.404Z","true","(sin asignar)","sim-config-v0.1","1","movimiento","Cubo #1 movido de la posición 1 a la 2",,,,,,"[null,1,2]"
"2026-09-12T00:16:58.058Z","true","(sin asignar)","sim-config-v0.1","1","movimiento","Cubo #2 movido de la posición 3 a la 1",,,,,,"[2,1,null]"
"2026-09-12T00:16:58.963Z","true","(sin asignar)","sim-config-v0.1","1","movimiento","Cubo #1 movido de la posición 2 a la 3",,,,,,"[2,null,1]"
"2026-09-12T00:16:58.963Z","true","(sin asignar)","sim-config-v0.1","1","victoria","Intercambio completo en 3 movimientos",,,,,,"[2,null,1]"
"2026-09-12T00:17:00.518Z","true","(sin asignar)","sim-config-v0.1","2","reinicio","Nuevo ejercicio: 2 par(es) de cubos",,,,,,"[1,2,null,3,4]"
"2026-09-12T00:17:02.109Z","true","(sin asignar)","sim-config-v0.1","2","movimiento","Cubo #2 movido de la posición 2 a la 3",,,,,,"[1,null,2,3,4]"
"2026-09-12T00:17:03.631Z","true","(sin asignar)","sim-config-v0.1","2","movimiento","Cubo #1 movido de la posición 1 a la 2",,,,,,"[null,1,2,3,4]"
"2026-09-12T00:17:03.631Z","true","(sin asignar)","sim-config-v0.1","2","derrota","Ningún cubo tiene un movimiento legal disponible (bloqueo)",,,,,,"[null,1,2,3,4]"
"2026-09-12T00:17:07.464Z","true","(sin asignar)","sim-config-v0.1","2","reinicio","Nuevo ejercicio: 2 par(es) de cubos",,,,,,"[1,2,null,3,4]"
"2026-09-12T00:17:09.506Z","true","(sin asignar)","sim-config-v0.1","2","movimiento","Cubo #2 movido de la posición 2 a la 3",,,,,,"[1,null,2,3,4]"
"2026-09-12T00:17:15.360Z","true","(sin asignar)","sim-config-v0.1","2","movimiento","Cubo #1 movido de la posición 1 a la 2",,,,,,"[null,1,2,3,4]"
"2026-09-12T00:17:15.360Z","true","(sin asignar)","sim-config-v0.1","2","derrota","Ningún cubo tiene un movimiento legal disponible (bloqueo)",,,,,,"[null,1,2,3,4]"
"2026-09-12T00:17:18.640Z","true","(sin asignar)","sim-config-v0.1","2","reinicio","Nuevo ejercicio: 2 par(es) de cubos",,,,,,"[1,2,null,3,4]"
"2026-09-12T00:17:20.549Z","true","(sin asignar)","sim-config-v0.1","2","movimiento","Cubo #3 movido de la posición 4 a la 3",,,,,,"[1,2,3,null,4]"
"2026-09-12T00:17:21.938Z","true","(sin asignar)","sim-config-v0.1","2","falla","Intento inválido: mover el cubo #4 a la posición 1",,,,,,"[1,2,3,null,4]"
"2026-09-12T00:17:22.742Z","true","(sin asignar)","sim-config-v0.1","2","falla","Intento inválido: mover el cubo #2 a la posición 3",,,,,,"[1,2,3,null,4]"
"2026-09-12T00:17:23.843Z","true","(sin asignar)","sim-config-v0.1","2","falla","Intento inválido: mover el cubo #1 a la posición 4",,,,,,"[1,2,3,null,4]"
"2026-09-12T00:17:24.958Z","true","(sin asignar)","sim-config-v0.1","2","falla","Intento inválido: mover el cubo #1 a la posición 4",,,,,,"[1,2,3,null,4]"
"2026-09-12T00:17:28.417Z","true","(sin asignar)","sim-config-v0.1","2","movimiento","Cubo #2 movido de la posición 2 a la 4",,,,,,"[1,null,3,2,4]"
"2026-09-12T00:17:30.954Z","true","(sin asignar)","sim-config-v0.1","2","movimiento","Cubo #3 movido de la posición 3 a la 2",,,,,,"[1,3,null,2,4]"
"2026-09-12T00:17:32.239Z","true","(sin asignar)","sim-config-v0.1","2","movimiento","Cubo #4 movido de la posición 5 a la 3",,,,,,"[1,3,4,2,null]"
"2026-09-12T00:17:33.096Z","true","(sin asignar)","sim-config-v0.1","2","movimiento","Cubo #2 movido de la posición 4 a la 5",,,,,,"[1,3,4,null,2]"
"2026-09-12T00:17:33.096Z","true","(sin asignar)","sim-config-v0.1","2","derrota","Ningún cubo tiene un movimiento legal disponible (bloqueo)",,,,,,"[1,3,4,null,2]"
"2026-09-12T00:17:38.404Z","true","(sin asignar)","sim-config-v0.1","2","reinicio","Nuevo ejercicio: 2 par(es) de cubos",,,,,,"[1,2,null,3,4]"
"2026-09-12T00:17:41.650Z","true","(sin asignar)","sim-config-v0.1","1","reinicio","Nuevo ejercicio: 1 par(es) de cubos",,,,,,"[1,null,2]"
"2026-09-12T00:17:46.245Z","true","(sin asignar)","sim-config-v0.1","1","movimiento","Cubo #1 movido de la posición 1 a la 2",,,,,,"[null,1,2]"
"2026-09-12T00:17:48.084Z","true","(sin asignar)","sim-config-v0.1","1","movimiento","Cubo #2 movido de la posición 3 a la 1",,,,,,"[2,1,null]"
"2026-09-12T00:17:52.565Z","true","(sin asignar)","sim-config-v0.1","1","movimiento","Cubo #1 movido de la posición 2 a la 3",,,,,,"[2,null,1]"
"2026-09-12T00:17:52.565Z","true","(sin asignar)","sim-config-v0.1","1","victoria","Intercambio completo en 3 movimientos",,,,,,"[2,null,1]"
"2026-09-12T00:17:57.281Z","true","(sin asignar)","sim-config-v0.1","2","reinicio","Nuevo ejercicio: 2 par(es) de cubos",,,,,,"[1,2,null,3,4]"
"2026-09-12T00:18:00.135Z","true","(sin asignar)","sim-config-v0.1","2","movimiento","Cubo #2 movido de la posición 2 a la 3",,,,,,"[1,null,2,3,4]"
"2026-09-12T00:18:01.318Z","true","(sin asignar)","sim-config-v0.1","2","movimiento","Cubo #3 movido de la posición 4 a la 2",,,,,,"[1,3,2,null,4]"
"2026-09-12T00:18:14.132Z","true","(sin asignar)","sim-config-v0.1","2","movimiento","Cubo #4 movido de la posición 5 a la 4",,,,,,"[1,3,2,4,null]"
"2026-09-12T00:18:15.506Z","true","(sin asignar)","sim-config-v0.1","2","movimiento","Cubo #2 movido de la posición 3 a la 5",,,,,,"[1,3,null,4,2]"
"2026-09-12T00:18:17.206Z","true","(sin asignar)","sim-config-v0.1","2","movimiento","Cubo #4 movido de la posición 4 a la 3",,,,,,"[1,3,4,null,2]"
"2026-09-12T00:18:17.206Z","true","(sin asignar)","sim-config-v0.1","2","derrota","Ningún cubo tiene un movimiento legal disponible (bloqueo)",,,,,,"[1,3,4,null,2]"
"2026-09-12T00:18:53.117Z","true","(sin asignar)","sim-config-v0.1","2","reinicio","Nuevo ejercicio: 2 par(es) de cubos",,,,,,"[1,2,null,3,4]"
"2026-09-12T00:18:55.516Z","true","(sin asignar)","sim-config-v0.1","2","movimiento","Cubo #2 movido de la posición 2 a la 3",,,,,,"[1,null,2,3,4]"
"2026-09-12T00:18:56.677Z","true","(sin asignar)","sim-config-v0.1","2","movimiento","Cubo #3 movido de la posición 4 a la 2",,,,,,"[1,3,2,null,4]"
"2026-09-12T00:19:03.350Z","true","(sin asignar)","sim-config-v0.1","2","movimiento","Cubo #2 movido de la posición 3 a la 4",,,,,,"[1,3,null,2,4]"
"2026-09-12T00:19:05.430Z","true","(sin asignar)","sim-config-v0.1","2","falla","Intento inválido: mover el cubo #3 a la posición 3",,,,,,"[1,3,null,2,4]"
"2026-09-12T00:19:07.365Z","true","(sin asignar)","sim-config-v0.1","2","movimiento","Cubo #1 movido de la posición 1 a la 3",,,,,,"[null,3,1,2,4]"
"2026-09-12T00:19:09.910Z","true","(sin asignar)","sim-config-v0.1","2","falla","Intento inválido: mover el cubo #4 a la posición 1",,,,,,"[null,3,1,2,4]"
"2026-09-12T00:19:11.575Z","true","(sin asignar)","sim-config-v0.1","2","falla","Intento inválido: mover el cubo #4 a la posición 1",,,,,,"[null,3,1,2,4]"
"2026-09-12T00:19:14.829Z","true","(sin asignar)","sim-config-v0.1","2","movimiento","Cubo #3 movido de la posición 2 a la 1",,,,,,"[3,null,1,2,4]"
"2026-09-12T00:19:14.829Z","true","(sin asignar)","sim-config-v0.1","2","derrota","Ningún cubo tiene un movimiento legal disponible (bloqueo)",,,,,,"[3,null,1,2,4]"
"2026-09-12T00:19:25.285Z","true","(sin asignar)","sim-config-v0.1","2","reinicio","Nuevo ejercicio: 2 par(es) de cubos",,,,,,"[1,2,null,3,4]"
"2026-09-12T00:19:28.761Z","true","(sin asignar)","sim-config-v0.1","2","movimiento","Cubo #3 movido de la posición 4 a la 3",,,,,,"[1,2,3,null,4]"
"2026-09-12T00:19:30.130Z","true","(sin asignar)","sim-config-v0.1","2","movimiento","Cubo #2 movido de la posición 2 a la 4",,,,,,"[1,null,3,2,4]"
"2026-09-12T00:19:31.429Z","true","(sin asignar)","sim-config-v0.1","2","movimiento","Cubo #3 movido de la posición 3 a la 2",,,,,,"[1,3,null,2,4]"
"2026-09-12T00:19:49.685Z","true","(sin asignar)","sim-config-v0.1","2","falla","Intento inválido: mover el cubo #2 a la posición 3",,,,,,"[1,3,null,2,4]"
"2026-09-12T00:19:50.514Z","true","(sin asignar)","sim-config-v0.1","2","falla","Intento inválido: mover el cubo #2 a la posición 3",,,,,,"[1,3,null,2,4]"
"2026-09-12T00:19:53.803Z","true","(sin asignar)","sim-config-v0.1","2","falla","Intento inválido: mover el cubo #3 a la posición 3",,,,,,"[1,3,null,2,4]"
"2026-09-12T00:19:56.146Z","true","(sin asignar)","sim-config-v0.1","2","movimiento","Cubo #4 movido de la posición 5 a la 3",,,,,,"[1,3,4,2,null]"
"2026-09-12T00:19:58.829Z","true","(sin asignar)","sim-config-v0.1","2","movimiento","Cubo #2 movido de la posición 4 a la 5",,,,,,"[1,3,4,null,2]"
"2026-09-12T00:19:58.829Z","true","(sin asignar)","sim-config-v0.1","2","derrota","Ningún cubo tiene un movimiento legal disponible (bloqueo)",,,,,,"[1,3,4,null,2]"
"2026-09-12T00:20:06.896Z","true","(sin asignar)","sim-config-v0.1","2","reinicio","Nuevo ejercicio: 2 par(es) de cubos",,,,,,"[1,2,null,3,4]"
"2026-09-12T00:20:08.558Z","true","(sin asignar)","sim-config-v0.1","2","movimiento","Cubo #2 movido de la posición 2 a la 3",,,,,,"[1,null,2,3,4]"
"2026-09-12T00:20:09.733Z","true","(sin asignar)","sim-config-v0.1","2","movimiento","Cubo #3 movido de la posición 4 a la 2",,,,,,"[1,3,2,null,4]"
"2026-09-12T00:20:10.626Z","true","(sin asignar)","sim-config-v0.1","2","movimiento","Cubo #2 movido de la posición 3 a la 4",,,,,,"[1,3,null,2,4]"
"2026-09-12T00:20:13.284Z","true","(sin asignar)","sim-config-v0.1","2","falla","Intento inválido: mover el cubo #4 a la posición 5",,,,,,"[1,3,null,2,4]"
"2026-09-12T00:20:14.346Z","true","(sin asignar)","sim-config-v0.1","2","movimiento","Cubo #4 movido de la posición 5 a la 3",,,,,,"[1,3,4,2,null]"
"2026-09-12T00:20:20.942Z","true","(sin asignar)","sim-config-v0.1","2","movimiento","Cubo #2 movido de la posición 4 a la 5",,,,,,"[1,3,4,null,2]"
"2026-09-12T00:20:20.942Z","true","(sin asignar)","sim-config-v0.1","2","derrota","Ningún cubo tiene un movimiento legal disponible (bloqueo)",,,,,,"[1,3,4,null,2]"
"2026-09-12T00:20:27.387Z","true","(sin asignar)","sim-config-v0.1","2","reinicio","Nuevo ejercicio: 2 par(es) de cubos",,,,,,"[1,2,null,3,4]"
"2026-09-12T00:20:32.613Z","true","(sin asignar)","sim-config-v0.1","2","movimiento","Cubo #2 movido de la posición 2 a la 3",,,,,,"[1,null,2,3,4]"
"2026-09-12T00:20:34.691Z","true","(sin asignar)","sim-config-v0.1","2","movimiento","Cubo #3 movido de la posición 4 a la 2",,,,,,"[1,3,2,null,4]"
"2026-09-12T00:20:41.039Z","true","(sin asignar)","sim-config-v0.1","2","movimiento","Cubo #4 movido de la posición 5 a la 4",,,,,,"[1,3,2,4,null]"
"2026-09-12T00:20:42.608Z","true","(sin asignar)","sim-config-v0.1","2","movimiento","Cubo #2 movido de la posición 3 a la 5",,,,,,"[1,3,null,4,2]"
"2026-09-12T00:20:48.051Z","true","(sin asignar)","sim-config-v0.1","2","movimiento","Cubo #1 movido de la posición 1 a la 3",,,,,,"[null,3,1,4,2]"
"2026-09-12T00:20:54.296Z","true","(sin asignar)","sim-config-v0.1","2","movimiento","Cubo #3 movido de la posición 2 a la 1",,,,,,"[3,null,1,4,2]"
"2026-09-12T00:21:02.454Z","true","(sin asignar)","sim-config-v0.1","2","movimiento","Cubo #4 movido de la posición 4 a la 2",,,,,,"[3,4,1,null,2]"
"2026-09-12T00:21:03.233Z","true","(sin asignar)","sim-config-v0.1","2","movimiento","Cubo #1 movido de la posición 3 a la 4",,,,,,"[3,4,null,1,2]"
"2026-09-12T00:21:03.233Z","true","(sin asignar)","sim-config-v0.1","2","victoria","Intercambio completo en 8 movimientos",,,,,,"[3,4,null,1,2]"
"2026-09-12T00:21:11.926Z","true","(sin asignar)","sim-config-v0.1","3","reinicio","Nuevo ejercicio: 3 par(es) de cubos",,,,,,"[1,2,3,null,4,5,6]"
"2026-09-12T00:21:18.500Z","true","(sin asignar)","sim-config-v0.1","3","movimiento","Cubo #3 movido de la posición 3 a la 4",,,,,,"[1,2,null,3,4,5,6]"
"2026-09-12T00:21:19.898Z","true","(sin asignar)","sim-config-v0.1","3","movimiento","Cubo #4 movido de la posición 5 a la 3",,,,,,"[1,2,4,3,null,5,6]"
"2026-09-12T00:21:21.992Z","true","(sin asignar)","sim-config-v0.1","3","movimiento","Cubo #3 movido de la posición 4 a la 5",,,,,,"[1,2,4,null,3,5,6]"
"2026-09-12T00:21:23.598Z","true","(sin asignar)","sim-config-v0.1","3","movimiento","Cubo #5 movido de la posición 6 a la 4",,,,,,"[1,2,4,5,3,null,6]"
"2026-09-12T00:21:25.058Z","true","(sin asignar)","sim-config-v0.1","3","movimiento","Cubo #6 movido de la posición 7 a la 6",,,,,,"[1,2,4,5,3,6,null]"
"2026-09-12T00:21:26.215Z","true","(sin asignar)","sim-config-v0.1","3","movimiento","Cubo #3 movido de la posición 5 a la 7",,,,,,"[1,2,4,5,null,6,3]"
"2026-09-12T00:21:31.601Z","true","(sin asignar)","sim-config-v0.1","3","falla","Intento inválido: mover el cubo #5 a la posición 5",,,,,,"[1,2,4,5,null,6,3]"
"2026-09-12T00:21:32.443Z","true","(sin asignar)","sim-config-v0.1","3","falla","Intento inválido: mover el cubo #5 a la posición 5",,,,,,"[1,2,4,5,null,6,3]"
"2026-09-12T00:21:38.750Z","true","(sin asignar)","sim-config-v0.1","3","reinicio","Nuevo ejercicio: 3 par(es) de cubos",,,,,,"[1,2,3,null,4,5,6]"
"2026-09-12T00:21:43.266Z","true","(sin asignar)","sim-config-v0.1","3","movimiento","Cubo #4 movido de la posición 5 a la 4",,,,,,"[1,2,3,4,null,5,6]"
"2026-09-12T00:21:48.457Z","true","(sin asignar)","sim-config-v0.1","3","movimiento","Cubo #5 movido de la posición 6 a la 5",,,,,,"[1,2,3,4,5,null,6]"
"2026-09-12T00:21:49.702Z","true","(sin asignar)","sim-config-v0.1","3","falla","Intento inválido: mover el cubo #5 a la posición 6",,,,,,"[1,2,3,4,5,null,6]"
"2026-09-12T00:21:51.160Z","true","(sin asignar)","sim-config-v0.1","3","falla","Intento inválido: mover el cubo #5 a la posición 6",,,,,,"[1,2,3,4,5,null,6]"
"2026-09-12T00:21:55.479Z","true","(sin asignar)","sim-config-v0.1","3","falla","Intento inválido: mover el cubo #3 a la posición 6",,,,,,"[1,2,3,4,5,null,6]"
"2026-09-12T00:21:56.275Z","true","(sin asignar)","sim-config-v0.1","3","reinicio","Nuevo ejercicio: 3 par(es) de cubos",,,,,,"[1,2,3,null,4,5,6]"
"2026-09-12T00:21:59.678Z","true","(sin asignar)","sim-config-v0.1","3","movimiento","Cubo #3 movido de la posición 3 a la 4",,,,,,"[1,2,null,3,4,5,6]"
"2026-09-12T00:22:02.222Z","true","(sin asignar)","sim-config-v0.1","3","movimiento","Cubo #4 movido de la posición 5 a la 3",,,,,,"[1,2,4,3,null,5,6]"
"2026-09-12T00:22:04.120Z","true","(sin asignar)","sim-config-v0.1","3","movimiento","Cubo #3 movido de la posición 4 a la 5",,,,,,"[1,2,4,null,3,5,6]"
"2026-09-12T00:22:08.243Z","true","(sin asignar)","sim-config-v0.1","3","movimiento","Cubo #2 movido de la posición 2 a la 4",,,,,,"[1,null,4,2,3,5,6]"
"2026-09-12T00:22:11.008Z","true","(sin asignar)","sim-config-v0.1","3","movimiento","Cubo #4 movido de la posición 3 a la 2",,,,,,"[1,4,null,2,3,5,6]"
"2026-09-12T00:22:13.071Z","true","(sin asignar)","sim-config-v0.1","3","falla","Intento inválido: mover el cubo #2 a la posición 3",,,,,,"[1,4,null,2,3,5,6]"
"2026-09-12T00:22:17.063Z","true","(sin asignar)","sim-config-v0.1","3","falla","Intento inválido: mover el cubo #2 a la posición 3",,,,,,"[1,4,null,2,3,5,6]"
"2026-09-12T00:22:24.355Z","true","(sin asignar)","sim-config-v0.1","3","falla","Intento inválido: mover el cubo #4 a la posición 3",,,,,,"[1,4,null,2,3,5,6]"
"2026-09-12T00:22:25.943Z","true","(sin asignar)","sim-config-v0.1","3","reinicio","Nuevo ejercicio: 3 par(es) de cubos",,,,,,"[1,2,3,null,4,5,6]"
"2026-09-12T00:22:38.023Z","true","(sin asignar)","sim-config-v0.1","3","movimiento","Cubo #3 movido de la posición 3 a la 4",,,,,,"[1,2,null,3,4,5,6]"
"2026-09-12T00:22:39.188Z","true","(sin asignar)","sim-config-v0.1","3","movimiento","Cubo #4 movido de la posición 5 a la 3",,,,,,"[1,2,4,3,null,5,6]"
"2026-09-12T00:22:40.414Z","true","(sin asignar)","sim-config-v0.1","3","movimiento","Cubo #5 movido de la posición 6 a la 5",,,,,,"[1,2,4,3,5,null,6]"
"2026-09-12T00:22:41.627Z","true","(sin asignar)","sim-config-v0.1","3","movimiento","Cubo #3 movido de la posición 4 a la 6",,,,,,"[1,2,4,null,5,3,6]"
"2026-09-12T00:22:42.897Z","true","(sin asignar)","sim-config-v0.1","3","movimiento","Cubo #2 movido de la posición 2 a la 4",,,,,,"[1,null,4,2,5,3,6]"
"2026-09-12T00:22:43.761Z","true","(sin asignar)","sim-config-v0.1","3","movimiento","Cubo #4 movido de la posición 3 a la 2",,,,,,"[1,4,null,2,5,3,6]"
"2026-09-12T00:22:44.825Z","true","(sin asignar)","sim-config-v0.1","3","movimiento","Cubo #5 movido de la posición 5 a la 3",,,,,,"[1,4,5,2,null,3,6]"
"2026-09-12T00:22:46.201Z","true","(sin asignar)","sim-config-v0.1","3","reinicio","Nuevo ejercicio: 3 par(es) de cubos",,,,,,"[1,2,3,null,4,5,6]"
"2026-09-12T00:22:47.584Z","true","(sin asignar)","sim-config-v0.1","3","movimiento","Cubo #3 movido de la posición 3 a la 4",,,,,,"[1,2,null,3,4,5,6]"
"2026-09-12T00:22:49.331Z","true","(sin asignar)","sim-config-v0.1","3","movimiento","Cubo #4 movido de la posición 5 a la 3",,,,,,"[1,2,4,3,null,5,6]"
"2026-09-12T00:22:53.688Z","true","(sin asignar)","sim-config-v0.1","3","movimiento","Cubo #5 movido de la posición 6 a la 5",,,,,,"[1,2,4,3,5,null,6]"
"2026-09-12T00:22:54.916Z","true","(sin asignar)","sim-config-v0.1","3","movimiento","Cubo #3 movido de la posición 4 a la 6",,,,,,"[1,2,4,null,5,3,6]"
"2026-09-12T00:22:56.677Z","true","(sin asignar)","sim-config-v0.1","3","movimiento","Cubo #2 movido de la posición 2 a la 4",,,,,,"[1,null,4,2,5,3,6]"
"2026-09-12T00:22:58.538Z","true","(sin asignar)","sim-config-v0.1","3","movimiento","Cubo #1 movido de la posición 1 a la 2",,,,,,"[null,1,4,2,5,3,6]"
"2026-09-12T00:22:59.803Z","true","(sin asignar)","sim-config-v0.1","3","movimiento","Cubo #4 movido de la posición 3 a la 1",,,,,,"[4,1,null,2,5,3,6]"
"2026-09-12T00:23:00.833Z","true","(sin asignar)","sim-config-v0.1","3","movimiento","Cubo #5 movido de la posición 5 a la 3",,,,,,"[4,1,5,2,null,3,6]"
"2026-09-12T00:23:01.918Z","true","(sin asignar)","sim-config-v0.1","3","movimiento","Cubo #6 movido de la posición 7 a la 5",,,,,,"[4,1,5,2,6,3,null]"
"2026-09-12T00:23:05.775Z","true","(sin asignar)","sim-config-v0.1","3","movimiento","Cubo #3 movido de la posición 6 a la 7",,,,,,"[4,1,5,2,6,null,3]"
"2026-09-12T00:23:06.976Z","true","(sin asignar)","sim-config-v0.1","3","falla","Intento inválido: mover el cubo #6 a la posición 6",,,,,,"[4,1,5,2,6,null,3]"
"2026-09-12T00:23:07.899Z","true","(sin asignar)","sim-config-v0.1","3","falla","Intento inválido: mover el cubo #6 a la posición 5",,,,,,"[4,1,5,2,6,null,3]"
"2026-09-12T00:23:08.763Z","true","(sin asignar)","sim-config-v0.1","3","movimiento","Cubo #2 movido de la posición 4 a la 6",,,,,,"[4,1,5,null,6,2,3]"
"2026-09-12T00:23:11.810Z","true","(sin asignar)","sim-config-v0.1","3","movimiento","Cubo #1 movido de la posición 2 a la 4",,,,,,"[4,null,5,1,6,2,3]"
"2026-09-12T00:23:12.951Z","true","(sin asignar)","sim-config-v0.1","3","movimiento","Cubo #5 movido de la posición 3 a la 2",,,,,,"[4,5,null,1,6,2,3]"
"2026-09-12T00:23:13.839Z","true","(sin asignar)","sim-config-v0.1","3","movimiento","Cubo #6 movido de la posición 5 a la 3",,,,,,"[4,5,6,1,null,2,3]"
"2026-09-12T00:23:14.360Z","true","(sin asignar)","sim-config-v0.1","3","movimiento","Cubo #1 movido de la posición 4 a la 5",,,,,,"[4,5,6,null,1,2,3]"
"2026-09-12T00:23:14.360Z","true","(sin asignar)","sim-config-v0.1","3","victoria","Intercambio completo en 15 movimientos",,,,,,"[4,5,6,null,1,2,3]"