timestamp,esSimulacion,operadorId,participanteId,versionConfiguracion,pares,tipo,detalle,fase,motivo,decision,motivoDescarte,activacionEfectiva,posiciones,errorTipo,nivel,intentoNum,nodoGrafo
"2026-10-07T17:02:47.185Z","true","(sin asignar)","(sin nombre)","sim-config-v0.2","1","intento_iniciado","Intento #1 iniciado (1 pares)",,,,,,"[1,null,2]",,,"1","1"
"2026-10-07T17:02:51.462Z","true","(sin asignar)","(sin nombre)","sim-config-v0.2","1","movimiento","Ficha 1 (deslizar) de la posición 1 a la 2",,,,,,"[null,1,2]",,,"1","2"
"2026-10-07T17:02:53.731Z","true","(sin asignar)","(sin nombre)","sim-config-v0.2","1","movimiento","Ficha 2 (saltar) de la posición 3 a la 1",,,,,,"[2,1,null]",,,"1","6"
"2026-10-07T17:02:56.009Z","true","(sin asignar)","(sin nombre)","sim-config-v0.2","1","movimiento","Ficha 1 (deslizar) de la posición 2 a la 3",,,,,,"[2,null,1]",,,"1","5"
"2026-10-07T17:02:56.009Z","true","(sin asignar)","(sin nombre)","sim-config-v0.2","1","victoria","Intento #1: intercambio completo en 3 movimientos y 6s",,,,,,"[2,null,1]",,,"1","5"
"2026-10-07T17:03:06.235Z","true","(sin asignar)","(sin nombre)","sim-config-v0.2","1","reinicio","Intento #1 reiniciado por el operador",,,,,,"[2,null,1]",,,"1","5"
"2026-10-07T17:03:09.486Z","true","(sin asignar)","(sin nombre)","sim-config-v0.2","1","intento_iniciado","Intento #2 iniciado (1 pares)",,,,,,"[1,null,2]",,,"2","1"
"2026-10-07T17:03:13.526Z","true","(sin asignar)","(sin nombre)","sim-config-v0.2","1","movimiento","Ficha 2 (deslizar) de la posición 3 a la 2",,,,,,"[1,2,null]",,,"2","3"
"2026-10-07T17:03:15.027Z","true","(sin asignar)","(sin nombre)","sim-config-v0.2","1","movimiento","Ficha 1 (saltar) de la posición 1 a la 3",,,,,,"[null,2,1]",,,"2","4"
"2026-10-07T17:03:15.990Z","true","(sin asignar)","(sin nombre)","sim-config-v0.2","1","movimiento","Ficha 2 (deslizar) de la posición 2 a la 1",,,,,,"[2,null,1]",,,"2","5"
"2026-10-07T17:03:15.990Z","true","(sin asignar)","(sin nombre)","sim-config-v0.2","1","victoria","Intento #2: intercambio completo en 3 movimientos y 4s",,,,,,"[2,null,1]",,,"2","5"
"2026-10-07T17:03:27.271Z","true","(sin asignar)","(sin nombre)","sim-config-v0.2","2","intento_iniciado","Intento #3 iniciado (2 pares)",,,,,,"[1,2,null,3,4]",,,"3","1"
"2026-10-07T17:03:31.956Z","true","(sin asignar)","(sin nombre)","sim-config-v0.2","2","movimiento","Ficha 2 (deslizar) de la posición 2 a la 3",,,,,,"[1,null,2,3,4]",,,"3","2"
"2026-10-07T17:03:34.059Z","true","(sin asignar)","(sin nombre)","sim-config-v0.2","2","movimiento","Ficha 3 (saltar) de la posición 4 a la 2",,,,,,"[1,3,2,null,4]",,,"3","5"
"2026-10-07T17:03:35.390Z","true","(sin asignar)","(sin nombre)","sim-config-v0.2","2","movimiento","Ficha 2 (deslizar) de la posición 3 a la 4",,,,,,"[1,3,null,2,4]",,,"3","8"
"2026-10-07T17:03:36.941Z","true","(sin asignar)","(sin nombre)","sim-config-v0.2","2","movimiento","Ficha 1 (saltar) de la posición 1 a la 3",,,,,,"[null,3,1,2,4]",,,"3","11"
"2026-10-07T17:03:38.304Z","true","(sin asignar)","(sin nombre)","sim-config-v0.2","2","movimiento","Ficha 3 (deslizar) de la posición 2 a la 1",,,,,,"[3,null,1,2,4]",,,"3","14"
"2026-10-07T17:03:39.197Z","true","(sin asignar)","(sin nombre)","sim-config-v0.2","2","movimiento","Ficha 1 (deslizar) de la posición 3 a la 2",,,,,,"[3,1,null,2,4]",,,"3","13"
"2026-10-07T17:03:41.317Z","true","(sin asignar)","(sin nombre)","sim-config-v0.2","2","movimiento","Ficha 4 (saltar) de la posición 5 a la 3",,,,,,"[3,1,4,2,null]",,,"3","28"
"2026-10-07T17:03:42.028Z","true","(sin asignar)","(sin nombre)","sim-config-v0.2","2","movimiento","Ficha 2 (deslizar) de la posición 4 a la 5",,,,,,"[3,1,4,null,2]",,,"3","25"
"2026-10-07T17:03:43.233Z","true","(sin asignar)","(sin nombre)","sim-config-v0.2","2","movimiento","Ficha 1 (saltar) de la posición 2 a la 4",,,,,,"[3,null,4,1,2]",,,"3","29"
"2026-10-07T17:03:44.404Z","true","(sin asignar)","(sin nombre)","sim-config-v0.2","2","movimiento","Ficha 4 (deslizar) de la posición 3 a la 2",,,,,,"[3,4,null,1,2]",,,"3","26"
"2026-10-07T17:03:44.404Z","true","(sin asignar)","(sin nombre)","sim-config-v0.2","2","victoria","Intento #3: intercambio completo en 10 movimientos y 14s",,,,,,"[3,4,null,1,2]",,,"3","26"
"2026-10-07T17:04:08.493Z","true","(sin asignar)","(sin nombre)","sim-config-v0.2","3","intento_iniciado","Intento #4 iniciado (3 pares)",,,,,,"[1,2,3,null,4,5,6]",,,"4","1"
"2026-10-07T17:04:13.294Z","true","(sin asignar)","(sin nombre)","sim-config-v0.2","3","movimiento","Ficha 3 (deslizar) de la posición 3 a la 4",,,,,,"[1,2,null,3,4,5,6]",,,"4","2"
"2026-10-07T17:04:14.525Z","true","(sin asignar)","(sin nombre)","sim-config-v0.2","3","movimiento","Ficha 4 (saltar) de la posición 5 a la 3",,,,,,"[1,2,4,3,null,5,6]",,,"4","5"
"2026-10-07T17:04:15.731Z","true","(sin asignar)","(sin nombre)","sim-config-v0.2","3","movimiento","Ficha 3 (deslizar) de la posición 4 a la 5",,,,,,"[1,2,4,null,3,5,6]",,,"4","9"
"2026-10-07T17:04:19.042Z","true","(sin asignar)","(sin nombre)","sim-config-v0.2","3","movimiento","Ficha 2 (saltar) de la posición 2 a la 4",,,,,,"[1,null,4,2,3,5,6]",,,"4","13"
"2026-10-07T17:04:20.034Z","true","(sin asignar)","(sin nombre)","sim-config-v0.2","3","movimiento","Ficha 4 (deslizar) de la posición 3 a la 2",,,,,,"[1,4,null,2,3,5,6]",,,"4","20"
"2026-10-07T17:04:22.302Z","true","(sin asignar)","(sin nombre)","sim-config-v0.2","3","movimiento","Ficha 2 (deslizar) de la posición 4 a la 3",,,,,,"[1,4,2,null,3,5,6]",,,"4","18"
"2026-10-07T17:04:24.045Z","true","(sin asignar)","(sin nombre)","sim-config-v0.2","3","movimiento","Ficha 5 (saltar) de la posición 6 a la 4",,,,,,"[1,4,2,5,3,null,6]",,,"4","26"
"2026-10-07T17:04:25.520Z","true","(sin asignar)","(sin nombre)","sim-config-v0.2","3","movimiento","Ficha 3 (deslizar) de la posición 5 a la 6",,,,,,"[1,4,2,5,null,3,6]",,,"4","34"
"2026-10-07T17:04:27.156Z","true","(sin asignar)","(sin nombre)","sim-config-v0.2","3","movimiento","Ficha 2 (saltar) de la posición 3 a la 5",,,,,,"[1,4,null,5,2,3,6]",,,"4","46"
"2026-10-07T17:04:28.109Z","true","(sin asignar)","(sin nombre)","sim-config-v0.2","3","movimiento","Ficha 5 (deslizar) de la posición 4 a la 3",,,,,,"[1,4,5,null,2,3,6]",,,"4","56"
"2026-10-07T17:04:28.837Z","true","(sin asignar)","(sin nombre)","sim-config-v0.2","3","movimiento","Ficha 2 (deslizar) de la posición 5 a la 4",,,,,,"[1,4,5,2,null,3,6]",,,"4","44"
"2026-10-07T17:04:30.244Z","true","(sin asignar)","(sin nombre)","sim-config-v0.2","3","movimiento","Ficha 6 (saltar) de la posición 7 a la 5",,,,,,"[1,4,5,2,6,3,null]",,,"4","106"
"2026-10-07T17:04:31.163Z","true","(sin asignar)","(sin nombre)","sim-config-v0.2","3","movimiento","Ficha 3 (deslizar) de la posición 6 a la 7",,,,,,"[1,4,5,2,6,null,3]",,,"4","96"
"2026-10-07T17:04:32.404Z","true","(sin asignar)","(sin nombre)","sim-config-v0.2","3","movimiento","Ficha 2 (saltar) de la posición 4 a la 6",,,,,,"[1,4,5,null,6,2,3]",,,"4","107"
"2026-10-07T17:04:33.226Z","true","(sin asignar)","(sin nombre)","sim-config-v0.2","3","movimiento","Ficha 6 (deslizar) de la posición 5 a la 4",,,,,,"[1,4,5,6,null,2,3]",,,"4","100"
"2026-10-07T17:04:34.834Z","true","(sin asignar)","(sin nombre)","sim-config-v0.2","3","falla","Ficha 6 a la posición 5: No puedes volver a la posición anterior",,,,,,"[1,4,5,6,null,2,3]","regreso",,"4","100"
"2026-10-07T17:04:37.661Z","true","(sin asignar)","(sin nombre)","sim-config-v0.2","3","movimiento","Ficha 2 (deslizar) de la posición 6 a la 5",,,,,,"[1,4,5,6,2,null,3]",,,"4","89"
"2026-10-07T17:04:39.113Z","true","(sin asignar)","(sin nombre)","sim-config-v0.2","3","movimiento","Ficha 6 (saltar) de la posición 4 a la 6",,,,,,"[1,4,5,null,2,6,3]",,,"4","76"
"2026-10-07T17:04:40.440Z","true","(sin asignar)","(sin nombre)","sim-config-v0.2","3","movimiento","Ficha 5 (deslizar) de la posición 3 a la 4",,,,,,"[1,4,null,5,2,6,3]",,,"4","62"
"2026-10-07T17:04:42.046Z","true","(sin asignar)","(sin nombre)","sim-config-v0.2","3","movimiento","Ficha 1 (saltar) de la posición 1 a la 3",,,,,,"[null,4,1,5,2,6,3]",,,"4","77"
"2026-10-07T17:04:44.695Z","true","(sin asignar)","(sin nombre)","sim-config-v0.2","3","movimiento","Ficha 4 (deslizar) de la posición 2 a la 1",,,,,,"[4,null,1,5,2,6,3]",,,"4","90"
"2026-10-07T17:04:46.174Z","true","(sin asignar)","(sin nombre)","sim-config-v0.2","3","movimiento","Ficha 5 (saltar) de la posición 4 a la 2",,,,,,"[4,5,1,null,2,6,3]",,,"4","102"
"2026-10-07T17:04:50.412Z","true","(sin asignar)","(sin nombre)","sim-config-v0.2","3","movimiento","Ficha 6 (saltar) de la posición 6 a la 4",,,,,,"[4,5,1,6,2,null,3]",,,"4","111"
"2026-10-07T17:04:52.079Z","true","(sin asignar)","(sin nombre)","sim-config-v0.2","3","falla","Ficha 1 a la posición 6: Demasiado lejos",,,,,,"[4,5,1,6,2,null,3]","lejos",,"4","111"
"2026-10-07T17:04:55.598Z","true","(sin asignar)","(sin nombre)","sim-config-v0.2","3","movimiento","Ficha 2 (deslizar) de la posición 5 a la 6",,,,,,"[4,5,1,6,null,2,3]",,,"4","119"
"2026-10-07T17:04:56.814Z","true","(sin asignar)","(sin nombre)","sim-config-v0.2","3","movimiento","Ficha 1 (saltar) de la posición 3 a la 5",,,,,,"[4,5,null,6,1,2,3]",,,"4","130"
"2026-10-07T17:04:57.619Z","true","(sin asignar)","(sin nombre)","sim-config-v0.2","3","movimiento","Ficha 6 (deslizar) de la posición 4 a la 3",,,,,,"[4,5,6,null,1,2,3]",,,"4","136"
"2026-10-07T17:04:57.619Z","true","(sin asignar)","(sin nombre)","sim-config-v0.2","3","victoria","Intento #4: intercambio completo en 25 movimientos y 46s",,,,,,"[4,5,6,null,1,2,3]",,,"4","136"
"2026-10-07T17:05:13.819Z","true","(sin asignar)","(sin nombre)","sim-config-v0.2","4","intento_iniciado","Intento #5 iniciado (4 pares)",,,,,,"[1,2,3,4,null,5,6,7,8]",,,"5","1"
"2026-10-07T17:05:18.318Z","true","(sin asignar)","(sin nombre)","sim-config-v0.2","4","movimiento","Ficha 4 (deslizar) de la posición 4 a la 5",,,,,,"[1,2,3,null,4,5,6,7,8]",,,"5","2"
"2026-10-07T17:05:19.786Z","true","(sin asignar)","(sin nombre)","sim-config-v0.2","4","movimiento","Ficha 5 (saltar) de la posición 6 a la 4",,,,,,"[1,2,3,5,4,null,6,7,8]",,,"5","5"
"2026-10-07T17:05:22.113Z","true","(sin asignar)","(sin nombre)","sim-config-v0.2","4","movimiento","Ficha 4 (deslizar) de la posición 5 a la 6",,,,,,"[1,2,3,5,null,4,6,7,8]",,,"5","9"
"2026-10-07T17:05:23.670Z","true","(sin asignar)","(sin nombre)","sim-config-v0.2","4","movimiento","Ficha 6 (saltar) de la posición 7 a la 5",,,,,,"[1,2,3,5,6,4,null,7,8]",,,"5","15"
"2026-10-07T17:05:25.124Z","true","(sin asignar)","(sin nombre)","sim-config-v0.2","4","movimiento","Ficha 4 (deslizar) de la posición 6 a la 7",,,,,,"[1,2,3,5,6,null,4,7,8]",,,"5","23"
"2026-10-07T17:05:26.449Z","true","(sin asignar)","(sin nombre)","sim-config-v0.2","4","movimiento","Ficha 6 (deslizar) de la posición 5 a la 6",,,,,,"[1,2,3,5,null,6,4,7,8]",,,"5","17"
"2026-10-07T17:05:27.901Z","true","(sin asignar)","(sin nombre)","sim-config-v0.2","4","movimiento","Ficha 3 (saltar) de la posición 3 a la 5",,,,,,"[1,2,null,5,3,6,4,7,8]",,,"5","27"
"2026-10-07T17:05:28.687Z","true","(sin asignar)","(sin nombre)","sim-config-v0.2","4","movimiento","Ficha 5 (deslizar) de la posición 4 a la 3",,,,,,"[1,2,5,null,3,6,4,7,8]",,,"5","39"
"2026-10-07T17:05:29.891Z","true","(sin asignar)","(sin nombre)","sim-config-v0.2","4","movimiento","Ficha 6 (saltar) de la posición 6 a la 4",,,,,,"[1,2,5,6,3,null,4,7,8]",,,"5","54"
"2026-10-07T17:05:31.447Z","true","(sin asignar)","(sin nombre)","sim-config-v0.2","4","movimiento","Ficha 3 (deslizar) de la posición 5 a la 6",,,,,,"[1,2,5,6,null,3,4,7,8]",,,"5","72"
"2026-10-07T17:05:32.760Z","true","(sin asignar)","(sin nombre)","sim-config-v0.2","4","movimiento","Ficha 6 (deslizar) de la posición 4 a la 5",,,,,,"[1,2,5,null,6,3,4,7,8]",,,"5","56"
"2026-10-07T17:05:34.804Z","true","(sin asignar)","(sin nombre)","sim-config-v0.2","4","movimiento","Ficha 2 (saltar) de la posición 2 a la 4",,,,,,"[1,null,5,2,6,3,4,7,8]",,,"5","77"
"2026-10-07T17:05:35.933Z","true","(sin asignar)","(sin nombre)","sim-config-v0.2","4","movimiento","Ficha 5 (deslizar) de la posición 3 a la 2",,,,,,"[1,5,null,2,6,3,4,7,8]",,,"5","102"
"2026-10-07T17:05:38.433Z","true","(sin asignar)","(sin nombre)","sim-config-v0.2","4","movimiento","Ficha 6 (saltar) de la posición 5 a la 3",,,,,,"[1,5,6,2,null,3,4,7,8]",,,"5","132"
"2026-10-07T17:05:43.057Z","true","(sin asignar)","(sin nombre)","sim-config-v0.2","4","movimiento","Ficha 2 (deslizar) de la posición 4 a la 5",,,,,,"[1,5,6,null,2,3,4,7,8]",,,"5","153"
"2026-10-07T17:05:44.128Z","true","(sin asignar)","(sin nombre)","sim-config-v0.2","4","movimiento","Ficha 6 (deslizar) de la posición 3 a la 4",,,,,,"[1,5,null,6,2,3,4,7,8]",,,"5","121"
"2026-10-07T17:05:46.026Z","true","(sin asignar)","(sin nombre)","sim-config-v0.2","4","movimiento","Ficha 1 (saltar) de la posición 1 a la 3",,,,,,"[null,5,1,6,2,3,4,7,8]",,,"5","154"
"2026-10-07T17:05:46.897Z","true","(sin asignar)","(sin nombre)","sim-config-v0.2","4","movimiento","Ficha 5 (deslizar) de la posición 2 a la 1",,,,,,"[5,null,1,6,2,3,4,7,8]",,,"5","188"
"2026-10-07T17:05:48.148Z","true","(sin asignar)","(sin nombre)","sim-config-v0.2","4","movimiento","Ficha 6 (saltar) de la posición 4 a la 2",,,,,,"[5,6,1,null,2,3,4,7,8]",,,"5","232"
"2026-10-07T17:05:49.101Z","true","(sin asignar)","(sin nombre)","sim-config-v0.2","4","movimiento","Ficha 1 (deslizar) de la posición 3 a la 4",,,,,,"[5,6,null,1,2,3,4,7,8]",,,"5","280"
"2026-10-07T17:05:51.110Z","true","(sin asignar)","(sin nombre)","sim-config-v0.2","4","falla","Ficha 1 a la posición 3: No puedes volver a la posición anterior",,,,,,"[5,6,null,1,2,3,4,7,8]","regreso",,"5","280"
"2026-10-07T17:05:53.867Z","true","(sin asignar)","(sin nombre)","sim-config-v0.2","4","movimiento","Ficha 6 (deslizar) de la posición 2 a la 3",,,,,,"[5,null,6,1,2,3,4,7,8]",,,"5","251"
"2026-10-07T17:05:55.054Z","true","(sin asignar)","(sin nombre)","sim-config-v0.2","4","movimiento","Ficha 1 (saltar) de la posición 4 a la 2",,,,,,"[5,1,6,null,2,3,4,7,8]",,,"5","204"
"2026-10-07T17:05:58.614Z","true","(sin asignar)","(sin nombre)","sim-config-v0.2","4","movimiento","Ficha 2 (deslizar) de la posición 5 a la 4",,,,,,"[5,1,6,2,null,3,4,7,8]",,,"5","167"
"2026-10-07T17:05:59.929Z","true","(sin asignar)","(sin nombre)","sim-config-v0.2","4","movimiento","Ficha 3 (deslizar) de la posición 6 a la 5",,,,,,"[5,1,6,2,3,null,4,7,8]",,,"5","205"
"2026-10-07T17:06:01.935Z","true","(sin asignar)","(sin nombre)","sim-config-v0.2","4","movimiento","Ficha 7 (saltar) de la posición 8 a la 6",,,,,,"[5,1,6,2,3,7,4,null,8]",,,"5","253"
"2026-10-07T17:06:02.905Z","true","(sin asignar)","(sin nombre)","sim-config-v0.2","4","falla","Ficha 4 a la posición 9: Esa casilla ya tiene una ficha",,,,,,"[5,1,6,2,3,7,4,null,8]","ocupada",,"5","253"
"2026-10-07T17:06:04.394Z","true","(sin asignar)","(sin nombre)","sim-config-v0.2","4","movimiento","Ficha 4 (deslizar) de la posición 7 a la 8",,,,,,"[5,1,6,2,3,7,null,4,8]",,,"5","306"
"2026-10-07T17:06:06.410Z","true","(sin asignar)","(sin nombre)","sim-config-v0.2","4","movimiento","Ficha 3 (saltar) de la posición 5 a la 7",,,,,,"[5,1,6,2,null,7,3,4,8]",,,"5","350"
"2026-10-07T17:06:10.120Z","true","(sin asignar)","(sin nombre)","sim-config-v0.2","4","movimiento","Ficha 2 (deslizar) de la posición 4 a la 5",,,,,,"[5,1,6,null,2,7,3,4,8]",,,"5","375"
"2026-10-07T17:06:11.407Z","true","(sin asignar)","(sin nombre)","sim-config-v0.2","4","movimiento","Ficha 7 (saltar) de la posición 6 a la 4",,,,,,"[5,1,6,7,2,null,3,4,8]",,,"5","416"
"2026-10-07T17:06:12.446Z","true","(sin asignar)","(sin nombre)","sim-config-v0.2","4","movimiento","Ficha 2 (deslizar) de la posición 5 a la 6",,,,,,"[5,1,6,7,null,2,3,4,8]",,,"5","405"
"2026-10-07T17:06:14.798Z","true","(sin asignar)","(sin nombre)","sim-config-v0.2","4","movimiento","Ficha 7 (deslizar) de la posición 4 a la 5",,,,,,"[5,1,6,null,7,2,3,4,8]",,,"5","365"
"2026-10-07T17:06:17.398Z","true","(sin asignar)","(sin nombre)","sim-config-v0.2","4","movimiento","Ficha 1 (saltar) de la posición 2 a la 4",,,,,,"[5,null,6,1,7,2,3,4,8]",,,"5","406"
"2026-10-07T17:06:18.432Z","true","(sin asignar)","(sin nombre)","sim-config-v0.2","4","movimiento","Ficha 6 (deslizar) de la posición 3 a la 2",,,,,,"[5,6,null,1,7,2,3,4,8]",,,"5","445"
"2026-10-07T17:06:20.282Z","true","(sin asignar)","(sin nombre)","sim-config-v0.2","4","movimiento","Ficha 7 (saltar) de la posición 5 a la 3",,,,,,"[5,6,7,1,null,2,3,4,8]",,,"5","483"
"2026-10-07T17:06:22.037Z","true","(sin asignar)","(sin nombre)","sim-config-v0.2","4","movimiento","Ficha 2 (deslizar) de la posición 6 a la 5",,,,,,"[5,6,7,1,2,null,3,4,8]",,,"5","522"
"2026-10-07T17:06:23.614Z","true","(sin asignar)","(sin nombre)","sim-config-v0.2","4","movimiento","Ficha 3 (deslizar) de la posición 7 a la 6",,,,,,"[5,6,7,1,2,3,null,4,8]",,,"5","556"
"2026-10-07T17:06:25.323Z","true","(sin asignar)","(sin nombre)","sim-config-v0.2","4","movimiento","Ficha 8 (saltar) de la posición 9 a la 7",,,,,,"[5,6,7,1,2,3,8,4,null]",,,"5","623"
"2026-10-07T17:06:26.128Z","true","(sin asignar)","(sin nombre)","sim-config-v0.2","4","movimiento","Ficha 4 (deslizar) de la posición 8 a la 9",,,,,,"[5,6,7,1,2,3,8,null,4]",,,"5","614"
"2026-10-07T17:06:27.649Z","true","(sin asignar)","(sin nombre)","sim-config-v0.2","4","movimiento","Ficha 3 (saltar) de la posición 6 a la 8",,,,,,"[5,6,7,1,2,null,8,3,4]",,,"5","611"
"2026-10-07T17:06:28.481Z","true","(sin asignar)","(sin nombre)","sim-config-v0.2","4","movimiento","Ficha 8 (deslizar) de la posición 7 a la 6",,,,,,"[5,6,7,1,2,8,null,3,4]",,,"5","615"
"2026-10-07T17:06:29.721Z","true","(sin asignar)","(sin nombre)","sim-config-v0.2","4","movimiento","Ficha 2 (saltar) de la posición 5 a la 7",,,,,,"[5,6,7,1,null,8,2,3,4]",,,"5","607"
"2026-10-07T17:06:31.520Z","true","(sin asignar)","(sin nombre)","sim-config-v0.2","4","movimiento","Ficha 1 (deslizar) de la posición 4 a la 5",,,,,,"[5,6,7,null,1,8,2,3,4]",,,"5","595"
"2026-10-07T17:06:32.609Z","true","(sin asignar)","(sin nombre)","sim-config-v0.2","4","movimiento","Ficha 8 (saltar) de la posición 6 a la 4",,,,,,"[5,6,7,8,1,null,2,3,4]",,,"5","609"
"2026-10-07T17:06:33.236Z","true","(sin asignar)","(sin nombre)","sim-config-v0.2","4","falla","Ficha 1 a la posición 7: Esa casilla ya tiene una ficha",,,,,,"[5,6,7,8,1,null,2,3,4]","ocupada",,"5","609"
"2026-10-07T17:06:34.926Z","true","(sin asignar)","(sin nombre)","sim-config-v0.2","4","movimiento","Ficha 1 (deslizar) de la posición 5 a la 6",,,,,,"[5,6,7,8,null,1,2,3,4]",,,"5","620"
"2026-10-07T17:06:34.926Z","true","(sin asignar)","(sin nombre)","sim-config-v0.2","4","victoria","Intento #5: intercambio completo en 44 movimientos y 78s",,,,,,"[5,6,7,8,null,1,2,3,4]",,,"5","620"
"2026-10-07T17:06:45.792Z","true","(sin asignar)","(sin nombre)","sim-config-v0.2","5","intento_iniciado","Intento #6 iniciado (5 pares)",,,,,,"[1,2,3,4,5,null,6,7,8,9,10]",,,"6","1"
"2026-10-07T17:06:50.728Z","true","(sin asignar)","(sin nombre)","sim-config-v0.2","5","movimiento","Ficha 5 (deslizar) de la posición 5 a la 6",,,,,,"[1,2,3,4,null,5,6,7,8,9,10]",,,"6","2"
"2026-10-07T17:06:52.353Z","true","(sin asignar)","(sin nombre)","sim-config-v0.2","5","movimiento","Ficha 6 (saltar) de la posición 7 a la 5",,,,,,"[1,2,3,4,6,5,null,7,8,9,10]",,,"6","5"
"2026-10-07T17:06:53.565Z","true","(sin asignar)","(sin nombre)","sim-config-v0.2","5","movimiento","Ficha 5 (deslizar) de la posición 6 a la 7",,,,,,"[1,2,3,4,6,null,5,7,8,9,10]",,,"6","9"
"2026-10-07T17:06:56.053Z","true","(sin asignar)","(sin nombre)","sim-config-v0.2","5","movimiento","Ficha 4 (saltar) de la posición 4 a la 6",,,,,,"[1,2,3,null,6,4,5,7,8,9,10]",,,"6","14"
"2026-10-07T17:06:57.036Z","true","(sin asignar)","(sin nombre)","sim-config-v0.2","5","movimiento","Ficha 6 (deslizar) de la posición 5 a la 4",,,,,,"[1,2,3,6,null,4,5,7,8,9,10]",,,"6","23"
"2026-10-07T17:06:59.159Z","true","(sin asignar)","(sin nombre)","sim-config-v0.2","5","movimiento","Ficha 4 (deslizar) de la posición 6 a la 5",,,,,,"[1,2,3,6,4,null,5,7,8,9,10]",,,"6","20"
"2026-10-07T17:07:00.754Z","true","(sin asignar)","(sin nombre)","sim-config-v0.2","5","movimiento","Ficha 7 (saltar) de la posición 8 a la 6",,,,,,"[1,2,3,6,4,7,5,null,8,9,10]",,,"6","32"
"2026-10-07T17:07:01.808Z","true","(sin asignar)","(sin nombre)","sim-config-v0.2","5","movimiento","Ficha 5 (deslizar) de la posición 7 a la 8",,,,,,"[1,2,3,6,4,7,null,5,8,9,10]",,,"6","45"
"2026-10-07T17:07:03.207Z","true","(sin asignar)","(sin nombre)","sim-config-v0.2","5","movimiento","Ficha 8 (saltar) de la posición 9 a la 7",,,,,,"[1,2,3,6,4,7,8,5,null,9,10]",,,"6","63"
"2026-10-07T17:07:07.264Z","true","(sin asignar)","(sin nombre)","sim-config-v0.2","5","movimiento","Ficha 5 (deslizar) de la posición 8 a la 9",,,,,,"[1,2,3,6,4,7,8,null,5,9,10]",,,"6","88"
"2026-10-07T17:07:08.570Z","true","(sin asignar)","(sin nombre)","sim-config-v0.2","5","movimiento","Ficha 8 (deslizar) de la posición 7 a la 8",,,,,,"[1,2,3,6,4,7,null,8,5,9,10]",,,"6","65"
"2026-10-07T17:07:11.010Z","true","(sin asignar)","(sin nombre)","sim-config-v0.2","5","movimiento","Ficha 4 (saltar) de la posición 5 a la 7",,,,,,"[1,2,3,6,null,7,4,8,5,9,10]",,,"6","92"
"2026-10-07T17:07:13.212Z","true","(sin asignar)","(sin nombre)","sim-config-v0.2","5","movimiento","Ficha 7 (deslizar) de la posición 6 a la 5",,,,,,"[1,2,3,6,7,null,4,8,5,9,10]",,,"6","123"
"2026-10-07T17:07:16.025Z","true","(sin asignar)","(sin nombre)","sim-config-v0.2","5","falla","Ficha 7 a la posición 6: No puedes volver a la posición anterior",,,,,,"[1,2,3,6,7,null,4,8,5,9,10]","regreso",,"6","123"
"2026-10-07T17:07:18.693Z","true","(sin asignar)","(sin nombre)","sim-config-v0.2","5","movimiento","Ficha 4 (deslizar) de la posición 7 a la 6",,,,,,"[1,2,3,6,7,4,null,8,5,9,10]",,,"6","139"
"2026-10-07T17:07:19.845Z","true","(sin asignar)","(sin nombre)","sim-config-v0.2","5","falla","Ficha 7 a la posición 8: Esa casilla ya tiene una ficha",,,,,,"[1,2,3,6,7,4,null,8,5,9,10]","ocupada",,"6","139"
"2026-10-07T17:07:22.596Z","true","(sin asignar)","(sin nombre)","sim-config-v0.2","5","movimiento","Ficha 7 (saltar) de la posición 5 a la 7",,,,,,"[1,2,3,6,null,4,7,8,5,9,10]",,,"6","104"
"2026-10-07T17:07:25.532Z","true","(sin asignar)","(sin nombre)","sim-config-v0.2","5","movimiento","Ficha 3 (saltar) de la posición 3 a la 5",,,,,,"[1,2,null,6,3,4,7,8,5,9,10]",,,"6","138"
"2026-10-07T17:07:26.809Z","true","(sin asignar)","(sin nombre)","sim-config-v0.2","5","movimiento","Ficha 6 (deslizar) de la posición 4 a la 3",,,,,,"[1,2,6,null,3,4,7,8,5,9,10]",,,"6","180"
"2026-10-07T17:07:28.318Z","true","(sin asignar)","(sin nombre)","sim-config-v0.2","5","movimiento","Ficha 3 (deslizar) de la posición 5 a la 4",,,,,,"[1,2,6,3,null,4,7,8,5,9,10]",,,"6","137"
"2026-10-07T17:07:30.180Z","true","(sin asignar)","(sin nombre)","sim-config-v0.2","5","movimiento","Ficha 7 (saltar) de la posición 7 a la 5",,,,,,"[1,2,6,3,7,4,null,8,5,9,10]",,,"6","181"
"2026-10-07T17:07:33.007Z","true","(sin asignar)","(sin nombre)","sim-config-v0.2","5","movimiento","Ficha 4 (deslizar) de la posición 6 a la 7",,,,,,"[1,2,6,3,7,null,4,8,5,9,10]",,,"6","223"
"2026-10-07T17:07:35.063Z","true","(sin asignar)","(sin nombre)","sim-config-v0.2","5","movimiento","Ficha 3 (saltar) de la posición 4 a la 6",,,,,,"[1,2,6,null,7,3,4,8,5,9,10]",,,"6","283"
"2026-10-07T17:07:36.137Z","true","(sin asignar)","(sin nombre)","sim-config-v0.2","5","movimiento","Ficha 7 (deslizar) de la posición 5 a la 4",,,,,,"[1,2,6,7,null,3,4,8,5,9,10]",,,"6","276"
"2026-10-07T17:07:37.348Z","true","(sin asignar)","(sin nombre)","sim-config-v0.2","5","movimiento","Ficha 3 (deslizar) de la posición 6 a la 5",,,,,,"[1,2,6,7,3,null,4,8,5,9,10]",,,"6","217"
"2026-10-07T17:07:39.181Z","true","(sin asignar)","(sin nombre)","sim-config-v0.2","5","movimiento","Ficha 8 (saltar) de la posición 8 a la 6",,,,,,"[1,2,6,7,3,8,4,null,5,9,10]",,,"6","278"
"2026-10-07T17:07:40.704Z","true","(sin asignar)","(sin nombre)","sim-config-v0.2","5","movimiento","Ficha 4 (deslizar) de la posición 7 a la 8",,,,,,"[1,2,6,7,3,8,null,4,5,9,10]",,,"6","345"
"2026-10-07T17:07:42.185Z","true","(sin asignar)","(sin nombre)","sim-config-v0.2","5","movimiento","Ficha 3 (saltar) de la posición 5 a la 7",,,,,,"[1,2,6,7,null,8,3,4,5,9,10]",,,"6","438"
"2026-10-07T17:07:43.155Z","true","(sin asignar)","(sin nombre)","sim-config-v0.2","5","movimiento","Ficha 8 (deslizar) de la posición 6 a la 5",,,,,,"[1,2,6,7,8,null,3,4,5,9,10]",,,"6","478"
"2026-10-07T17:07:44.564Z","true","(sin asignar)","(sin nombre)","sim-config-v0.2","5","falla","Ficha 8 a la posición 6: No puedes volver a la posición anterior",,,,,,"[1,2,6,7,8,null,3,4,5,9,10]","regreso",,"6","478"
"2026-10-07T17:07:46.521Z","true","(sin asignar)","(sin nombre)","sim-config-v0.2","5","falla","Ficha 7 a la posición 6: No se salta a tu propio color",,,,,,"[1,2,6,7,8,null,3,4,5,9,10]","salto_propio",,"6","478"
"2026-10-07T17:07:46.521Z","true","(sin asignar)","(sin nombre)","sim-config-v0.2","5","sugerencia_ppa","Sugerencia de Pausar emitida","pausar","dos fallas consecutivas",,,,"[1,2,6,7,8,null,3,4,5,9,10]",,,"6","478"
"2026-10-07T17:07:48.162Z","true","(sin asignar)","(sin nombre)","sim-config-v0.2","5","decision_ppa","Fase PAUSAR confirmada por el operador","pausar","dos fallas consecutivas","confirmada",,"true","[1,2,6,7,8,null,3,4,5,9,10]",,,"6","478"
"2026-10-07T17:07:48.164Z","true","(sin asignar)","(sin nombre)","sim-config-v0.2","5","sugerencia_ppa","Sugerencia de Pensar emitida (encadenada)","pensar","encadenado tras confirmar Pausar (mismo ciclo)",,,,"[1,2,6,7,8,null,3,4,5,9,10]",,,"6","478"
"2026-10-07T17:07:49.516Z","true","(sin asignar)","(sin nombre)","sim-config-v0.2","5","decision_ppa","Fase PENSAR confirmada por el operador","pensar","encadenado tras confirmar Pausar (mismo ciclo)","confirmada",,"true","[1,2,6,7,8,null,3,4,5,9,10]",,,"6","478"
"2026-10-07T17:07:57.412Z","true","(sin asignar)","(sin nombre)","sim-config-v0.2","5","movimiento","Ficha 3 (deslizar) de la posición 7 a la 6",,,,,,"[1,2,6,7,8,3,null,4,5,9,10]",,,"6","382"
"2026-10-07T17:08:01.523Z","true","(sin asignar)","(sin nombre)","sim-config-v0.2","5","movimiento","Ficha 8 (saltar) de la posición 5 a la 7",,,,,,"[1,2,6,7,null,3,8,4,5,9,10]",,,"6","306"
"2026-10-07T17:08:03.057Z","true","(sin asignar)","(sin nombre)","sim-config-v0.2","5","movimiento","Ficha 7 (deslizar) de la posición 4 a la 5",,,,,,"[1,2,6,null,7,3,8,4,5,9,10]",,,"6","244"
"2026-10-07T17:08:04.668Z","true","(sin asignar)","(sin nombre)","sim-config-v0.2","5","movimiento","Ficha 2 (saltar) de la posición 2 a la 4",,,,,,"[1,null,6,2,7,3,8,4,5,9,10]",,,"6","307"
"2026-10-07T17:08:05.765Z","true","(sin asignar)","(sin nombre)","sim-config-v0.2","5","movimiento","Ficha 6 (deslizar) de la posición 3 a la 2",,,,,,"[1,6,null,2,7,3,8,4,5,9,10]",,,"6","384"
"2026-10-07T17:08:07.015Z","true","(sin asignar)","(sin nombre)","sim-config-v0.2","5","movimiento","Ficha 1 (saltar) de la posición 1 a la 3",,,,,,"[null,6,1,2,7,3,8,4,5,9,10]",,,"6","481"
"2026-10-07T17:08:08.168Z","true","(sin asignar)","(sin nombre)","sim-config-v0.2","5","movimiento","Ficha 6 (deslizar) de la posición 2 a la 1",,,,,,"[6,null,1,2,7,3,8,4,5,9,10]",,,"6","587"
"2026-10-07T17:08:09.154Z","true","(sin asignar)","(sin nombre)","sim-config-v0.2","5","movimiento","Ficha 1 (deslizar) de la posición 3 a la 2",,,,,,"[6,1,null,2,7,3,8,4,5,9,10]",,,"6","480"
"2026-10-07T17:08:11.062Z","true","(sin asignar)","(sin nombre)","sim-config-v0.2","5","falla","Ficha 1 a la posición 3: No puedes volver a la posición anterior",,,,,,"[6,1,null,2,7,3,8,4,5,9,10]","regreso",,"6","480"
"2026-10-07T17:08:12.803Z","true","(sin asignar)","(sin nombre)","sim-config-v0.2","5","movimiento","Ficha 2 (deslizar) de la posición 4 a la 3",,,,,,"[6,1,2,null,7,3,8,4,5,9,10]",,,"6","588"
"2026-10-07T17:08:17.022Z","true","(sin asignar)","(sin nombre)","sim-config-v0.2","5","falla","Ficha 2 a la posición 4: No puedes volver a la posición anterior",,,,,,"[6,1,2,null,7,3,8,4,5,9,10]","regreso",,"6","588"
"2026-10-07T17:08:19.239Z","true","(sin asignar)","(sin nombre)","sim-config-v0.2","5","movimiento","Ficha 7 (deslizar) de la posición 5 a la 4",,,,,,"[6,1,2,7,null,3,8,4,5,9,10]",,,"6","706"
"2026-10-07T17:08:21.553Z","true","(sin asignar)","(sin nombre)","sim-config-v0.2","5","falla","Ficha 2 a la posición 6: Esa casilla ya tiene una ficha",,,,,,"[6,1,2,7,null,3,8,4,5,9,10]","ocupada",,"6","706"
"2026-10-07T17:08:23.054Z","true","(sin asignar)","(sin nombre)","sim-config-v0.2","5","movimiento","Ficha 2 (saltar) de la posición 3 a la 5",,,,,,"[6,1,null,7,2,3,8,4,5,9,10]",,,"6","838"
"2026-10-07T17:08:26.668Z","true","(sin asignar)","(sin nombre)","sim-config-v0.2","5","movimiento","Ficha 7 (deslizar) de la posición 4 a la 3",,,,,,"[6,1,7,null,2,3,8,4,5,9,10]",,,"6","707"
"2026-10-07T17:08:28.739Z","true","(sin asignar)","(sin nombre)","sim-config-v0.2","5","movimiento","Ficha 1 (saltar) de la posición 2 a la 4",,,,,,"[6,null,7,1,2,3,8,4,5,9,10]",,,"6","840"
"2026-10-07T17:08:29.848Z","true","(sin asignar)","(sin nombre)","sim-config-v0.2","5","falla","Ficha 7 a la posición 1: Esa casilla ya tiene una ficha",,,,,,"[6,null,7,1,2,3,8,4,5,9,10]","ocupada",,"6","840"
"2026-10-07T17:08:31.993Z","true","(sin asignar)","(sin nombre)","sim-config-v0.2","5","movimiento","Ficha 7 (deslizar) de la posición 3 a la 2",,,,,,"[6,7,null,1,2,3,8,4,5,9,10]",,,"6","993"
"2026-10-07T17:08:35.048Z","true","(sin asignar)","(sin nombre)","sim-config-v0.2","5","movimiento","Ficha 1 (deslizar) de la posición 4 a la 3",,,,,,"[6,7,1,null,2,3,8,4,5,9,10]",,,"6","1142"
"2026-10-07T17:08:36.195Z","true","(sin asignar)","(sin nombre)","sim-config-v0.2","5","movimiento","Ficha 2 (deslizar) de la posición 5 a la 4",,,,,,"[6,7,1,2,null,3,8,4,5,9,10]",,,"6","1302"
"2026-10-07T17:08:37.505Z","true","(sin asignar)","(sin nombre)","sim-config-v0.2","5","movimiento","Ficha 3 (deslizar) de la posición 6 a la 5",,,,,,"[6,7,1,2,3,null,8,4,5,9,10]",,,"6","1473"
"2026-10-07T17:08:39.714Z","true","(sin asignar)","(sin nombre)","sim-config-v0.2","5","falla","Ficha 3 a la posición 6: No puedes volver a la posición anterior",,,,,,"[6,7,1,2,3,null,8,4,5,9,10]","regreso",,"6","1473"
"2026-10-07T17:08:41.882Z","true","(sin asignar)","(sin nombre)","sim-config-v0.2","5","movimiento","Ficha 8 (deslizar) de la posición 7 a la 6",,,,,,"[6,7,1,2,3,8,null,4,5,9,10]",,,"6","1391"
"2026-10-07T17:08:43.852Z","true","(sin asignar)","(sin nombre)","sim-config-v0.2","5","movimiento","Ficha 3 (saltar) de la posición 5 a la 7",,,,,,"[6,7,1,2,null,8,3,4,5,9,10]",,,"6","1231"
"2026-10-07T17:08:45.164Z","true","(sin asignar)","(sin nombre)","sim-config-v0.2","5","movimiento","Ficha 8 (deslizar) de la posición 6 a la 5",,,,,,"[6,7,1,2,8,null,3,4,5,9,10]",,,"6","1396"
"2026-10-07T17:08:46.690Z","true","(sin asignar)","(sin nombre)","sim-config-v0.2","5","movimiento","Ficha 2 (saltar) de la posición 4 a la 6",,,,,,"[6,7,1,null,8,2,3,4,5,9,10]",,,"6","1485"
"2026-10-07T17:08:48.189Z","true","(sin asignar)","(sin nombre)","sim-config-v0.2","5","movimiento","Ficha 8 (deslizar) de la posición 5 a la 4",,,,,,"[6,7,1,8,null,2,3,4,5,9,10]",,,"6","1397"
"2026-10-07T17:08:50.013Z","true","(sin asignar)","(sin nombre)","sim-config-v0.2","5","movimiento","Ficha 1 (saltar) de la posición 3 a la 5",,,,,,"[6,7,null,8,1,2,3,4,5,9,10]",,,"6","1565"
"2026-10-07T17:08:51.005Z","true","(sin asignar)","(sin nombre)","sim-config-v0.2","5","movimiento","Ficha 8 (deslizar) de la posición 4 a la 3",,,,,,"[6,7,8,null,1,2,3,4,5,9,10]",,,"6","1635"
"2026-10-07T17:08:52.562Z","true","(sin asignar)","(sin nombre)","sim-config-v0.2","5","movimiento","Ficha 1 (deslizar) de la posición 5 a la 4",,,,,,"[6,7,8,1,null,2,3,4,5,9,10]",,,"6","1486"
"2026-10-07T17:08:55.035Z","true","(sin asignar)","(sin nombre)","sim-config-v0.2","5","movimiento","Ficha 8 (saltar) de la posición 3 a la 5",,,,,,"[6,7,null,1,8,2,3,4,5,9,10]",,,"6","1315"
"2026-10-07T17:09:00.566Z","true","(sin asignar)","(sin nombre)","sim-config-v0.2","5","movimiento","Ficha 1 (deslizar) de la posición 4 a la 3",,,,,,"[6,7,1,null,8,2,3,4,5,9,10]",,,"6","1485"
"2026-10-07T17:09:02.344Z","true","(sin asignar)","(sin nombre)","sim-config-v0.2","5","movimiento","Ficha 2 (saltar) de la posición 6 a la 4",,,,,,"[6,7,1,2,8,null,3,4,5,9,10]",,,"6","1396"
"2026-10-07T17:09:05.677Z","true","(sin asignar)","(sin nombre)","sim-config-v0.2","5","movimiento","Ficha 3 (deslizar) de la posición 7 a la 6",,,,,,"[6,7,1,2,8,3,null,4,5,9,10]",,,"6","1474"
"2026-10-07T17:09:07.059Z","true","(sin asignar)","(sin nombre)","sim-config-v0.2","5","movimiento","Ficha 4 (deslizar) de la posición 8 a la 7",,,,,,"[6,7,1,2,8,3,4,null,5,9,10]",,,"6","1628"
"2026-10-07T17:09:08.699Z","true","(sin asignar)","(sin nombre)","sim-config-v0.2","5","movimiento","Ficha 9 (saltar) de la posición 10 a la 8",,,,,,"[6,7,1,2,8,3,4,9,5,null,10]",,,"6","1768"
"2026-10-07T17:09:10.023Z","true","(sin asignar)","(sin nombre)","sim-config-v0.2","5","movimiento","Ficha 5 (deslizar) de la posición 9 a la 10",,,,,,"[6,7,1,2,8,3,4,9,null,5,10]",,,"6","1920"
"2026-10-07T17:09:13.039Z","true","(sin asignar)","(sin nombre)","sim-config-v0.2","5","movimiento","Ficha 4 (saltar) de la posición 7 a la 9",,,,,,"[6,7,1,2,8,3,null,9,4,5,10]",,,"6","1862"
"2026-10-07T17:09:14.191Z","true","(sin asignar)","(sin nombre)","sim-config-v0.2","5","movimiento","Ficha 9 (deslizar) de la posición 8 a la 7",,,,,,"[6,7,1,2,8,3,9,null,4,5,10]",,,"6","1987"
"2026-10-07T17:09:15.551Z","true","(sin asignar)","(sin nombre)","sim-config-v0.2","5","movimiento","Ficha 3 (saltar) de la posición 6 a la 8",,,,,,"[6,7,1,2,8,null,9,3,4,5,10]",,,"6","2132"
"2026-10-07T17:09:17.685Z","true","(sin asignar)","(sin nombre)","sim-config-v0.2","5","movimiento","Ficha 2 (saltar) de la posición 4 a la 6",,,,,,"[6,7,1,null,8,2,9,3,4,5,10]",,,"6","1998"
"2026-10-07T17:09:19.565Z","true","(sin asignar)","(sin nombre)","sim-config-v0.2","5","movimiento","Ficha 8 (deslizar) de la posición 5 a la 4",,,,,,"[6,7,1,8,null,2,9,3,4,5,10]",,,"6","2140"
"2026-10-07T17:09:23.967Z","true","(sin asignar)","(sin nombre)","sim-config-v0.2","5","movimiento","Ficha 1 (saltar) de la posición 3 a la 5",,,,,,"[6,7,null,8,1,2,9,3,4,5,10]",,,"6","2270"
"2026-10-07T17:09:25.163Z","true","(sin asignar)","(sin nombre)","sim-config-v0.2","5","movimiento","Ficha 8 (deslizar) de la posición 4 a la 3",,,,,,"[6,7,8,null,1,2,9,3,4,5,10]",,,"6","2142"
"2026-10-07T17:09:28.672Z","true","(sin asignar)","(sin nombre)","sim-config-v0.2","5","movimiento","Ficha 1 (deslizar) de la posición 5 a la 4",,,,,,"[6,7,8,1,null,2,9,3,4,5,10]",,,"6","2001"
"2026-10-07T17:09:30.653Z","true","(sin asignar)","(sin nombre)","sim-config-v0.2","5","movimiento","Ficha 9 (saltar) de la posición 7 a la 5",,,,,,"[6,7,8,1,9,2,null,3,4,5,10]",,,"6","2144"
"2026-10-07T17:09:31.485Z","true","(sin asignar)","(sin nombre)","sim-config-v0.2","5","movimiento","Ficha 2 (deslizar) de la posición 6 a la 7",,,,,,"[6,7,8,1,9,null,2,3,4,5,10]",,,"6","2274"
"2026-10-07T17:09:33.307Z","true","(sin asignar)","(sin nombre)","sim-config-v0.2","5","movimiento","Ficha 1 (saltar) de la posición 4 a la 6",,,,,,"[6,7,8,null,9,1,2,3,4,5,10]",,,"6","2391"
"2026-10-07T17:09:34.297Z","true","(sin asignar)","(sin nombre)","sim-config-v0.2","5","movimiento","Ficha 9 (deslizar) de la posición 5 a la 4",,,,,,"[6,7,8,9,null,1,2,3,4,5,10]",,,"6","2485"
"2026-10-07T17:09:35.547Z","true","(sin asignar)","(sin nombre)","sim-config-v0.2","5","movimiento","Ficha 1 (deslizar) de la posición 6 a la 5",,,,,,"[6,7,8,9,1,null,2,3,4,5,10]",,,"6","2396"
"2026-10-07T17:09:36.306Z","true","(sin asignar)","(sin nombre)","sim-config-v0.2","5","movimiento","Ficha 2 (deslizar) de la posición 7 a la 6",,,,,,"[6,7,8,9,1,2,null,3,4,5,10]",,,"6","2488"
"2026-10-07T17:09:37.240Z","true","(sin asignar)","(sin nombre)","sim-config-v0.2","5","movimiento","Ficha 3 (deslizar) de la posición 8 a la 7",,,,,,"[6,7,8,9,1,2,3,null,4,5,10]",,,"6","2564"
"2026-10-07T17:09:38.337Z","true","(sin asignar)","(sin nombre)","sim-config-v0.2","5","movimiento","Ficha 4 (deslizar) de la posición 9 a la 8",,,,,,"[6,7,8,9,1,2,3,4,null,5,10]",,,"6","2626"
"2026-10-07T17:09:39.674Z","true","(sin asignar)","(sin nombre)","sim-config-v0.2","5","movimiento","Ficha 5 (deslizar) de la posición 10 a la 9",,,,,,"[6,7,8,9,1,2,3,4,5,null,10]",,,"6","2677"
"2026-10-07T17:09:41.779Z","true","(sin asignar)","(sin nombre)","sim-config-v0.2","5","movimiento","Ficha 10 (deslizar) de la posición 11 a la 10",,,,,,"[6,7,8,9,1,2,3,4,5,10,null]",,,"6","2709"
"2026-10-07T17:09:43.180Z","true","(sin asignar)","(sin nombre)","sim-config-v0.2","5","movimiento","Ficha 5 (saltar) de la posición 9 a la 11",,,,,,"[6,7,8,9,1,2,3,4,null,10,5]",,,"6","2683"
"2026-10-07T17:09:44.016Z","true","(sin asignar)","(sin nombre)","sim-config-v0.2","5","movimiento","Ficha 10 (deslizar) de la posición 10 a la 9",,,,,,"[6,7,8,9,1,2,3,4,10,null,5]",,,"6","2711"
"2026-10-07T17:09:45.144Z","true","(sin asignar)","(sin nombre)","sim-config-v0.2","5","movimiento","Ficha 4 (saltar) de la posición 8 a la 10",,,,,,"[6,7,8,9,1,2,3,null,10,4,5]",,,"6","2735"
"2026-10-07T17:09:46.550Z","true","(sin asignar)","(sin nombre)","sim-config-v0.2","5","movimiento","Ficha 10 (deslizar) de la posición 9 a la 8",,,,,,"[6,7,8,9,1,2,3,10,null,4,5]",,,"6","2712"
"2026-10-07T17:09:47.825Z","true","(sin asignar)","(sin nombre)","sim-config-v0.2","5","movimiento","Ficha 3 (saltar) de la posición 7 a la 9",,,,,,"[6,7,8,9,1,2,null,10,3,4,5]",,,"6","2692"
"2026-10-07T17:09:49.848Z","true","(sin asignar)","(sin nombre)","sim-config-v0.2","5","movimiento","Ficha 10 (deslizar) de la posición 8 a la 7",,,,,,"[6,7,8,9,1,2,10,null,3,4,5]",,,"6","2719"
"2026-10-07T17:09:51.064Z","true","(sin asignar)","(sin nombre)","sim-config-v0.2","5","movimiento","Ficha 2 (saltar) de la posición 6 a la 8",,,,,,"[6,7,8,9,1,null,10,2,3,4,5]",,,"6","2741"
"2026-10-07T17:09:53.713Z","true","(sin asignar)","(sin nombre)","sim-config-v0.2","5","movimiento","Ficha 10 (deslizar) de la posición 7 a la 6",,,,,,"[6,7,8,9,1,10,null,2,3,4,5]",,,"6","2720"
"2026-10-07T17:09:54.826Z","true","(sin asignar)","(sin nombre)","sim-config-v0.2","5","movimiento","Ficha 1 (saltar) de la posición 5 a la 7",,,,,,"[6,7,8,9,null,10,1,2,3,4,5]",,,"6","2742"
"2026-10-07T17:09:55.499Z","true","(sin asignar)","(sin nombre)","sim-config-v0.2","5","movimiento","Ficha 10 (deslizar) de la posición 6 a la 5",,,,,,"[6,7,8,9,10,null,1,2,3,4,5]",,,"6","2757"
"2026-10-07T17:09:55.499Z","true","(sin asignar)","(sin nombre)","sim-config-v0.2","5","victoria","Intento #6: intercambio completo en 87 movimientos y 187s",,,,,,"[6,7,8,9,10,null,1,2,3,4,5]",,,"6","2757"